id,churn,churn_prob,test_predicted
70602.0,0.0,0.0,0
98695.0,0.0,9.01403190834799e-134,0
87756.0,0.0,8.7224290083823e-117,0
84551.0,0.0,5.173990448820684e-31,0
73608.0,0.0,1.9928578201572557e-43,0
81931.0,0.0,1.7942909272834193e-84,0
94782.0,0.0,6.816429945406094e-154,0
77245.0,0.0,1.0,1
90880.0,0.0,4.782096503874609e-240,0
91312.0,0.0,4.1616661240103127e-94,0
93469.0,0.0,1.5262252536904626e-44,0
91017.0,0.0,1.0,1
97006.0,0.0,0.0,0
95438.0,0.0,1.1025675149087426e-196,0
91919.0,0.0,0.0,0
91078.0,0.0,0.0,0
86468.0,0.0,1.1038640662941649e-121,0
93945.0,0.0,8.618457494982517e-181,0
99557.0,0.0,6.719799791826337e-44,0
86896.0,0.0,0.0,0
87327.0,0.0,2.060715955969427e-45,0
71843.0,0.0,0.0,0
73005.0,0.0,4.1334204406607523e-100,0
70472.0,0.0,1.0,1
74925.0,0.0,3.9976382192122196e-262,0
72667.0,0.0,2.7687118184238325e-221,0
79833.0,0.0,2.285614671291011e-164,0
97206.0,0.0,1.2505339630219683e-72,0
85353.0,0.0,3.8821008227489465e-186,0
77007.0,0.0,4.4650726480538135e-27,0
86876.0,0.0,9.446241551908e-309,0
89048.0,0.0,5.752017755853195e-194,0
94925.0,0.0,9.969531788258013e-285,0
75097.0,1.0,1.895106618231228e-174,0
82217.0,0.0,4.581219751417299e-29,0
71988.0,0.0,0.0,0
78551.0,0.0,3.16305736936059e-189,0
99783.0,0.0,0.0,0
78050.0,0.0,1.60808975171044e-112,0
78336.0,0.0,3.8359776903920474e-76,0
78277.0,0.0,4.3481103159685873e-178,0
88799.0,1.0,3.28205939549488e-143,0
77472.0,0.0,1.0,1
77103.0,1.0,0.0,0
71068.0,0.0,0.0,0
91490.0,0.0,0.0,0
70697.0,0.0,1.5653153144428543e-236,0
86517.0,0.0,2.154162011664796e-140,0
82083.0,0.0,2.065467124323882e-110,0
92924.0,0.0,2.3294944574186153e-168,0
96749.0,1.0,0.0,0
79556.0,0.0,0.0,0
92075.0,0.0,1.982413121418043e-146,0
80604.0,0.0,7.636523849943651e-07,0
85197.0,0.0,0.9999093345454565,1
80146.0,0.0,1.256546718097948e-301,0
83668.0,0.0,9.230670290217383e-75,0
93028.0,0.0,2.8249761031105647e-100,0
87414.0,0.0,1.0,1
86173.0,0.0,0.0,0
77530.0,0.0,2.4109108175741518e-287,0
72704.0,0.0,0.0,0
92039.0,0.0,1.3307211639955585e-71,0
95602.0,0.0,2.0043524399252351e-178,0
81439.0,0.0,0.0,0
88591.0,0.0,0.0,0
81436.0,0.0,0.0,0
81199.0,0.0,9.081566699165238e-284,0
95746.0,0.0,2.364582143118489e-227,0
84481.0,0.0,0.0,0
94509.0,0.0,0.0,0
86834.0,0.0,0.0,0
77784.0,0.0,0.0,0
72207.0,0.0,0.0,0
77023.0,0.0,6.155451812753264e-152,0
94344.0,0.0,3.5509811644172306e-279,0
87183.0,0.0,3.2777764744975234e-57,0
83226.0,0.0,3.7770266957424036e-198,0
95379.0,0.0,1.7027708837381852e-172,0
98802.0,0.0,2.784721580424159e-197,0
89694.0,0.0,0.0,0
76390.0,0.0,0.053785342567164815,0
86000.0,0.0,3.520453486718783e-10,0
85580.0,0.0,1.5115417560362073e-128,0
73280.0,0.0,2.6177258814584564e-127,0
85074.0,0.0,6.340875634914102e-28,0
80820.0,0.0,2.2209845599008454e-152,0
82313.0,0.0,3.874503461171956e-96,0
75623.0,0.0,0.999998610194301,1
74900.0,0.0,1.9862699128190946e-75,0
85761.0,0.0,1.0558741339575802e-201,0
95131.0,0.0,3.117751902160877e-134,0
73395.0,0.0,3.356079309726733e-116,0
97756.0,1.0,5.261490767051271e-155,0
95536.0,0.0,0.0,0
73307.0,0.0,9.521225374897979e-237,0
84334.0,0.0,7.674095991567475e-122,0
88971.0,0.0,2.894186543186883e-224,0
92872.0,0.0,1.4522619405352342e-61,0
73955.0,0.0,3.206588253933544e-143,0
76603.0,0.0,2.2927706466228518e-166,0
83685.0,0.0,3.9864142722482345e-191,0
78097.0,0.0,3.4927636049243555e-268,0
91594.0,0.0,0.0,0
81371.0,0.0,6.322456800763802e-103,0
77072.0,0.0,0.0,0
73103.0,0.0,1.9137926160908587e-200,0
80613.0,0.0,1.5946620870049315e-186,0
82516.0,0.0,9.161990437255579e-207,0
90107.0,0.0,2.0115825739933106e-274,0
85724.0,0.0,3.074071162300648e-07,0
78880.0,0.0,6.542341665469187e-130,0
80457.0,0.0,3.6292489352388377e-115,0
70103.0,0.0,8.582333448379091e-14,0
78071.0,0.0,1.9569660176332682e-131,0
81907.0,0.0,6.21050250834424e-182,0
72549.0,0.0,1.093119270700981e-132,0
87242.0,0.0,5.860861711730716e-47,0
93272.0,0.0,1.146624902894845e-244,0
84235.0,0.0,5.745078950101031e-07,0
97684.0,0.0,0.9996963784616951,1
74386.0,0.0,9.823033092778517e-91,0
89669.0,0.0,0.0,0
74439.0,0.0,1.369267137644253e-295,0
98548.0,0.0,1.0,1
95249.0,0.0,1.0365882512417434e-232,0
83433.0,0.0,1.0,1
88088.0,0.0,2.8245510891052714e-118,0
85872.0,1.0,1.4797749744783635e-69,0
88736.0,0.0,0.0,0
78466.0,0.0,1.8030501679399717e-203,0
95710.0,0.0,1.2975778668362539e-77,0
90724.0,0.0,8.278934925071948e-113,0
71549.0,0.0,1.879853017500331e-37,0
81533.0,0.0,0.0,0
86311.0,0.0,4.197989224479273e-171,0
76348.0,0.0,0.0,0
98016.0,0.0,9.45551637339754e-270,0
94256.0,0.0,3.807830659703286e-81,0
89617.0,0.0,8.56802741995755e-18,0
84723.0,0.0,4.639973409970767e-286,0
86922.0,0.0,1.5946051003500412e-193,0
72565.0,0.0,1.929150495612326e-68,0
79392.0,0.0,3.651878067653872e-196,0
72283.0,0.0,3.266634775266267e-95,0
86536.0,0.0,5.898768739786296e-203,0
73411.0,0.0,1.0,1
97182.0,0.0,1.0,1
92674.0,0.0,3.0553843141028955e-96,0
85624.0,0.0,1.376827882383049e-228,0
96602.0,0.0,0.0,0
93624.0,0.0,6.087217059289919e-183,0
84699.0,1.0,1.7765080663164721e-140,0
77436.0,0.0,3.1302813769191083e-64,0
88472.0,0.0,0.0,0
83665.0,0.0,6.297324984278621e-194,0
81967.0,0.0,1.2526161359557429e-260,0
96014.0,0.0,0.0,0
91447.0,0.0,0.0,0
80839.0,0.0,1.1100686232639243e-73,0
79403.0,0.0,0.0,0
82162.0,0.0,0.0002973453826536567,0
93478.0,0.0,5.661161569337256e-165,0
96681.0,0.0,5.4835536904425023e-67,0
97744.0,0.0,4.137356078269484e-262,0
81116.0,0.0,0.0,0
99487.0,0.0,7.862023003082945e-101,0
89069.0,0.0,0.6881722910813588,1
83394.0,0.0,9.75781685593189e-05,0
78700.0,0.0,0.9999997041313475,1
72076.0,0.0,2.0597494258119498e-73,0
78584.0,0.0,0.0,0
70172.0,0.0,1.4596607626410364e-52,0
78774.0,0.0,3.883964561283454e-135,0
82813.0,0.0,0.0,0
93915.0,0.0,1.2773863598129356e-14,0
83460.0,0.0,0.0,0
87839.0,0.0,3.214994258614384e-141,0
92015.0,1.0,0.9999999999994504,1
76068.0,0.0,0.0,0
82564.0,0.0,0.0,0
84782.0,0.0,0.0,0
91585.0,0.0,0.0,0
95267.0,0.0,2.5592659388536455e-75,0
99748.0,0.0,0.0,0
80906.0,0.0,3.669209511690004e-117,0
72010.0,0.0,0.9999999999678519,1
93548.0,0.0,1.8393676878825767e-61,0
95211.0,0.0,1.5351078861946593e-199,0
99714.0,0.0,4.9197869560808654e-57,0
89256.0,0.0,0.0,0
79041.0,0.0,1.0,1
95286.0,0.0,0.0,0
82399.0,0.0,3.4735134890635734e-183,0
78505.0,0.0,0.0,0
81001.0,0.0,0.0,0
78482.0,0.0,4.773683189792523e-170,0
93623.0,0.0,0.0034198987595861255,0
97086.0,0.0,4.542268229010066e-102,0
99237.0,0.0,0.0,0
89869.0,0.0,6.49187129846159e-70,0
99159.0,0.0,1.1405040864944827e-59,0
85012.0,0.0,3.6252174632543176e-84,0
94666.0,0.0,0.0,0
72200.0,0.0,5.789396207390377e-268,0
78107.0,0.0,0.0,0
81933.0,0.0,2.4697774585015463e-175,0
89449.0,0.0,0.0,0
91958.0,0.0,0.0,0
80135.0,0.0,5.802181390652273e-142,0
81908.0,0.0,1.774579898634675e-112,0
96400.0,0.0,1.0,1
99393.0,0.0,4.168168856576035e-67,0
96270.0,0.0,1.5563260231186077e-42,0
87099.0,0.0,1.0,1
77068.0,0.0,0.003250146229122113,0
86538.0,0.0,0.0,0
76129.0,0.0,9.01050057673495e-241,0
94339.0,0.0,2.0387219273058337e-116,0
94832.0,0.0,5.141966382181253e-97,0
80584.0,0.0,5.923162881863766e-08,0
96088.0,0.0,0.0,0
91803.0,0.0,1.2036091073063402e-172,0
86959.0,0.0,1.608078517086958e-114,0
93636.0,0.0,0.0,0
90334.0,0.0,1.4010536431909811e-111,0
77505.0,0.0,2.396973860739302e-68,0
87722.0,0.0,1.3027429586294618e-125,0
97186.0,0.0,2.853203758021402e-67,0
74789.0,0.0,0.0,0
78516.0,0.0,3.0024294868254786e-40,0
70481.0,0.0,2.95800463953664e-186,0
73203.0,0.0,1.1103546353263796e-55,0
94716.0,0.0,1.4407485637468123e-55,0
98523.0,0.0,0.0,0
78562.0,0.0,4.9465331891952995e-55,0
96552.0,0.0,1.4807420595799324e-179,0
76796.0,0.0,4.055591265564562e-69,0
87143.0,0.0,7.469752535479406e-154,0
80037.0,0.0,9.047566520006027e-29,0
91461.0,0.0,0.0,0
97217.0,0.0,1.082504786991262e-250,0
72588.0,0.0,1.7381885984519834e-295,0
93345.0,0.0,7.377719588769787e-139,0
76272.0,0.0,1.0,1
78484.0,0.0,7.628925916391618e-119,0
79437.0,0.0,3.090025791427852e-236,0
83112.0,0.0,0.0,0
77823.0,0.0,0.0,0
84387.0,0.0,0.0,0
86362.0,0.0,1.997434050331183e-60,0
95009.0,0.0,1.1471206247563937e-305,0
88076.0,0.0,1.0,1
83100.0,0.0,0.0,0
85255.0,0.0,1.860822717380965e-63,0
84761.0,0.0,2.500774735884877e-268,0
93282.0,0.0,1.785884508438477e-192,0
71572.0,0.0,0.0,0
85194.0,0.0,9.789514857873415e-224,0
71099.0,0.0,3.896364155980614e-91,0
85276.0,0.0,0.0,0
76003.0,0.0,9.328671794521185e-264,0
81659.0,0.0,0.0008966705383593431,0
74297.0,0.0,1.0,1
74960.0,0.0,0.0,0
92311.0,0.0,7.259469447719503e-83,0
98284.0,0.0,2.5129289637370525e-272,0
82338.0,0.0,0.0,0
78676.0,0.0,3.8723151292887206e-86,0
73881.0,0.0,6.404387334641589e-293,0
93006.0,0.0,1.868226395758446e-150,0
94733.0,0.0,1.5965384518247221e-38,0
86831.0,0.0,1.6570103937576074e-40,0
72485.0,0.0,1.0,1
96007.0,0.0,0.0,0
71508.0,0.0,0.0,0
97152.0,0.0,3.7321139917438956e-132,0
81022.0,0.0,1.0479733949649004e-123,0
87850.0,0.0,0.0,0
78929.0,0.0,7.798484721962658e-275,0
75519.0,0.0,5.733026994020397e-301,0
76765.0,0.0,1.0,1
78963.0,0.0,3.837241208095194e-189,0
74588.0,0.0,1.885492421916455e-204,0
91764.0,0.0,0.0,0
98079.0,0.0,0.4372548184681192,0
82592.0,1.0,1.0,1
70947.0,0.0,7.27072708821245e-246,0
81301.0,0.0,2.709151296671769e-68,0
91711.0,0.0,0.0,0
82948.0,0.0,0.0,0
96000.0,0.0,5.07041015832889e-140,0
71211.0,0.0,1.0,1
80020.0,0.0,1.0,1
85098.0,0.0,2.0573804170295978e-30,0
89953.0,0.0,1.0,1
83910.0,1.0,0.0,0
70048.0,0.0,6.771647153002546e-104,0
96339.0,0.0,0.0,0
78636.0,0.0,5.541641862744629e-277,0
85776.0,0.0,0.0,0
83509.0,0.0,2.361374096994998e-249,0
86601.0,0.0,0.0,0
96695.0,0.0,0.9999484248672502,1
84865.0,0.0,0.0,0
71844.0,0.0,2.472422637606058e-271,0
98645.0,0.0,8.01529194734466e-82,0
83110.0,0.0,9.759177995730408e-230,0
74221.0,0.0,0.0,0
70854.0,0.0,0.0,0
84897.0,0.0,5.555405154489468e-137,0
78379.0,0.0,2.6949475281227047e-34,0
75676.0,0.0,0.0,0
83787.0,0.0,0.2646785626849296,0
89456.0,0.0,6.789152901329078e-08,0
82201.0,0.0,1.0,1
90207.0,0.0,2.454638470653879e-140,0
91489.0,0.0,6.42713180223752e-178,0
82632.0,0.0,0.0,0
84587.0,0.0,0.0,0
80523.0,0.0,1.5602169245064853e-87,0
74465.0,0.0,1.042440059283846e-47,0
91829.0,0.0,0.0,0
80738.0,0.0,0.0,0
79333.0,0.0,1.2415338287017675e-50,0
72997.0,0.0,1.1634453104388559e-160,0
76223.0,0.0,0.0,0
89262.0,0.0,8.129156838911123e-261,0
95445.0,0.0,0.0,0
89362.0,0.0,0.0,0
70266.0,0.0,0.0,0
95982.0,0.0,1.527832991300278e-133,0
94797.0,0.0,1.0,1
76922.0,0.0,1.8972241446026145e-265,0
91143.0,0.0,1.272596302361704e-239,0
77795.0,0.0,2.820714785985178e-190,0
81741.0,0.0,0.0,0
78541.0,0.0,3.0089430087730585e-67,0
81992.0,0.0,2.403046535741467e-90,0
91314.0,0.0,2.2182283599059498e-59,0
81793.0,1.0,2.8200165052518873e-175,0
77504.0,0.0,8.697755503506945e-263,0
93203.0,0.0,1.8974252098756186e-74,0
74100.0,0.0,1.5782224481221865e-48,0
95479.0,0.0,0.0,0
99925.0,0.0,1.774283328131356e-252,0
77698.0,0.0,2.7763789624403076e-247,0
88599.0,0.0,0.0,0
92157.0,0.0,0.42558859589843817,0
73355.0,0.0,1.5532983003383175e-78,0
94565.0,0.0,1.300357160347275e-115,0
95641.0,0.0,0.0,0
77948.0,0.0,8.342391868891208e-115,0
77938.0,0.0,0.0,0
71327.0,0.0,9.444658134866337e-157,0
92345.0,0.0,1.0,1
95277.0,0.0,0.0,0
73154.0,0.0,1.1434759249684816e-100,0
77652.0,0.0,7.337407595815168e-228,0
94915.0,0.0,0.0,0
75528.0,0.0,1.0,1
73133.0,0.0,6.269409041834686e-277,0
89423.0,0.0,4.081029093419464e-272,0
78422.0,0.0,1.201964275262493e-27,0
83483.0,0.0,8.24544445151618e-37,0
76918.0,0.0,6.56225592800077e-145,0
97270.0,0.0,0.0,0
83420.0,0.0,0.0,0
89807.0,0.0,0.0,0
95049.0,0.0,4.317842131751389e-50,0
79250.0,0.0,1.002202285944412e-146,0
85125.0,0.0,0.0,0
82861.0,0.0,9.551042477453482e-86,0
83043.0,0.0,1.5243169020813633e-296,0
93493.0,0.0,0.0,0
97422.0,0.0,4.5262272498048e-32,0
92067.0,0.0,4.019723731705883e-13,0
77751.0,0.0,0.0,0
89590.0,0.0,0.0,0
80175.0,0.0,1.0,1
73421.0,0.0,6.884220551123033e-131,0
91450.0,0.0,5.673966552639065e-39,0
80309.0,0.0,0.0,0
98835.0,0.0,0.0,0
84294.0,0.0,2.3957982515691842e-241,0
71400.0,0.0,2.9995058408122775e-42,0
73262.0,0.0,1.3204082882565473e-37,0
82989.0,0.0,6.212724296939402e-231,0
70933.0,0.0,0.9999991155904583,1
89426.0,0.0,1.0,1
77847.0,0.0,0.0,0
73589.0,0.0,0.0,0
71811.0,0.0,5.785112102965663e-101,0
92909.0,0.0,6.462719298208094e-131,0
75637.0,0.0,3.5311802859544755e-55,0
94099.0,0.0,1.0,1
79550.0,0.0,4.523647987066441e-131,0
81505.0,0.0,3.3860715966052153e-152,0
90910.0,0.0,1.4641623897267863e-05,0
75736.0,0.0,0.0,0
84201.0,0.0,1.6887858545923533e-118,0
78022.0,0.0,2.044209090597929e-127,0
86003.0,0.0,5.999320423068952e-133,0
82285.0,0.0,3.0116915939509723e-20,0
75200.0,0.0,1.0,1
87707.0,0.0,8.723884615129297e-145,0
80181.0,0.0,6.611034229648885e-252,0
94070.0,0.0,3.311892181143865e-224,0
81264.0,0.0,3.6537165270866735e-17,0
84902.0,0.0,3.8577137365740175e-180,0
71686.0,0.0,1.970382906742184e-225,0
93662.0,0.0,9.46378380190492e-258,0
82629.0,0.0,0.0,0
74875.0,0.0,1.9839459812050162e-224,0
98608.0,0.0,0.0,0
74420.0,0.0,4.6441228410957105e-80,0
84162.0,0.0,6.608965964825835e-261,0
72534.0,0.0,0.0,0
81141.0,0.0,8.022525231419507e-128,0
70819.0,0.0,2.3596525212555773e-47,0
89841.0,0.0,9.034728879137418e-160,0
92552.0,0.0,4.223391902104768e-59,0
92485.0,0.0,0.0,0
71473.0,0.0,1.0,1
86724.0,0.0,0.0,0
97900.0,0.0,4.620617523867136e-123,0
85003.0,0.0,0.0,0
92907.0,0.0,0.0,0
79309.0,0.0,1.3119051805686024e-11,0
99045.0,0.0,2.3870039050609203e-72,0
92255.0,0.0,3.8208241113834e-110,0
78380.0,0.0,1.683081266203937e-91,0
96845.0,0.0,0.0,0
92847.0,0.0,0.9999999999999978,1
98493.0,0.0,9.363241133815872e-105,0
92677.0,0.0,4.949109734670942e-56,0
88456.0,0.0,1.1812284862716816e-73,0
90120.0,0.0,3.5624894839362717e-155,0
78119.0,0.0,0.0,0
89952.0,0.0,3.2297837852115872e-99,0
94825.0,0.0,9.603496150996856e-36,0
92319.0,0.0,0.0,0
74664.0,0.0,6.811798328771529e-71,0
75542.0,0.0,8.34677497359182e-256,0
97432.0,1.0,1.8133307230286705e-211,0
84315.0,0.0,0.0,0
87454.0,0.0,1.0,1
77368.0,0.0,0.0,0
85510.0,0.0,0.0,0
87007.0,0.0,2.1134287561863754e-251,0
84362.0,0.0,1.0,1
71308.0,0.0,1.5145114026949242e-43,0
74564.0,0.0,0.0,0
83307.0,0.0,5.215150943736681e-296,0
77805.0,0.0,2.587898321939313e-232,0
85816.0,0.0,0.0,0
75153.0,0.0,1.793483114263168e-156,0
89453.0,0.0,4.540197204333647e-16,0
96343.0,0.0,3.4385562345220786e-39,0
75807.0,1.0,2.405637712682915e-252,0
97872.0,0.0,0.0,0
76913.0,0.0,8.951455461912735e-49,0
71608.0,0.0,4.475769413769264e-81,0
80449.0,1.0,9.860103375017701e-181,0
86120.0,0.0,3.28071992281727e-40,0
84196.0,0.0,1.7837705151051372e-43,0
86918.0,0.0,1.1106630191643339e-65,0
94917.0,0.0,1.0,1
98397.0,0.0,4.4545827526536374e-74,0
88489.0,0.0,2.382020666127986e-81,0
89627.0,0.0,1.0,1
94743.0,0.0,1.9912255775256944e-39,0
80542.0,0.0,1.83455148890627e-111,0
84440.0,0.0,6.1954816724750075e-139,0
83770.0,0.0,0.0,0
71377.0,0.0,1.0,1
95057.0,0.0,1.0,1
74397.0,0.0,6.208153786086971e-160,0
72567.0,0.0,0.0,0
80867.0,0.0,1.2430048432881994e-16,0
79390.0,0.0,0.9999999999992419,1
91158.0,0.0,0.0,0
73901.0,0.0,1.8306091884932734e-257,0
80408.0,0.0,8.71829626458814e-85,0
80296.0,0.0,3.4418395729606816e-286,0
87842.0,0.0,7.524387753975142e-92,0
91947.0,0.0,1.879740426844599e-56,0
86820.0,0.0,1.7513499910623305e-97,0
93056.0,0.0,0.0,0
89269.0,0.0,1.0,1
95702.0,0.0,6.999982019504085e-152,0
85263.0,0.0,2.561913887760687e-290,0
75984.0,0.0,1.616137745806005e-115,0
73717.0,0.0,2.0403151126829354e-104,0
70760.0,0.0,0.0,0
82402.0,0.0,0.0,0
88331.0,0.0,0.0,0
77785.0,0.0,3.3406804673432807e-78,0
76379.0,0.0,0.0,0
95864.0,0.0,0.0,0
71269.0,0.0,8.86710160894809e-285,0
84204.0,0.0,1.0,1
70937.0,0.0,6.463493832022103e-148,0
78134.0,0.0,5.015481342972778e-189,0
98678.0,0.0,9.776097244299314e-248,0
98469.0,0.0,1.230546275491132e-264,0
75952.0,0.0,4.6528844165065766e-217,0
82200.0,0.0,0.0071262878995410305,0
81329.0,0.0,0.0,0
95906.0,0.0,0.0,0
99574.0,0.0,1.0241593056984589e-32,0
95654.0,0.0,4.406288301253796e-74,0
94477.0,0.0,0.0,0
80974.0,0.0,7.485115308061737e-21,0
84786.0,0.0,1.8599980849718727e-65,0
92718.0,0.0,1.49882090163072e-275,0
82299.0,0.0,0.4606993630035222,0
96083.0,0.0,6.362962414947985e-57,0
96359.0,0.0,1.0,1
95007.0,0.0,0.0,0
85559.0,0.0,9.455028621403625e-116,0
94957.0,0.0,1.0128197291114848e-225,0
73343.0,0.0,0.0,0
86979.0,0.0,7.839733159754364e-186,0
84153.0,0.0,3.5298819275699115e-218,0
83056.0,0.0,2.6183828950562363e-258,0
76504.0,0.0,0.0,0
72640.0,0.0,4.183083160715404e-188,0
78702.0,0.0,2.112724494467758e-171,0
99109.0,0.0,1.4789698283425946e-92,0
78872.0,0.0,8.966580780826305e-267,0
72872.0,0.0,7.562843551895075e-308,0
70547.0,0.0,5.754552065616935e-114,0
83427.0,0.0,0.0,0
91250.0,0.0,1.0932899442148079e-260,0
82087.0,0.0,2.1940759566990143e-05,0
81853.0,1.0,8.54313662209785e-276,0
84615.0,0.0,1.6254950887299707e-42,0
89824.0,0.0,2.684513046727719e-155,0
97838.0,0.0,2.3606311752211067e-45,0
77547.0,0.0,2.347230598460934e-255,0
74526.0,0.0,3.2495704225298516e-165,0
71707.0,0.0,0.0,0
79024.0,0.0,8.478052880123332e-67,0
73208.0,0.0,1.456438653386186e-71,0
93722.0,1.0,1.3359112443406528e-282,0
83902.0,0.0,0.0,0
71078.0,0.0,7.671730090723322e-74,0
89604.0,0.0,1.011367046731422e-128,0
75094.0,0.0,1.1405178857953e-298,0
73599.0,0.0,4.023678758326049e-64,0
92175.0,0.0,0.0,0
87745.0,0.0,2.0185833978205689e-193,0
93174.0,0.0,2.939289107750012e-163,0
82866.0,0.0,1.3637580973841964e-136,0
83225.0,0.0,7.194628521869142e-252,0
72711.0,0.0,1.2457923713928013e-135,0
88090.0,0.0,0.0,0
95466.0,0.0,5.18293043910105e-154,0
82095.0,0.0,0.0,0
90231.0,1.0,1.0,1
87777.0,0.0,2.0147453351114385e-90,0
71865.0,0.0,4.576726023502254e-233,0
71866.0,0.0,2.0171534044652406e-296,0
79808.0,0.0,4.671029846162451e-12,0
87098.0,0.0,3.747987992601225e-150,0
89176.0,0.0,4.676177170009356e-261,0
78251.0,0.0,0.0,0
75304.0,0.0,1.2842262400283793e-25,0
97117.0,0.0,2.17726035358466e-286,0
86019.0,0.0,8.325316526763003e-92,0
99582.0,0.0,0.0,0
71222.0,0.0,0.9959605480342499,1
94928.0,0.0,0.0,0
80985.0,0.0,1.1707234849571998e-105,0
77684.0,0.0,0.0,0
90777.0,1.0,6.34202640461557e-90,0
71521.0,0.0,1.679135550732566e-241,0
82615.0,0.0,1.0,1
91653.0,0.0,0.0,0
79145.0,0.0,4.2949641613613867e-08,0
98062.0,0.0,1.7594749776648384e-11,0
82303.0,0.0,0.0,0
74940.0,0.0,1.9637400078974034e-109,0
88790.0,0.0,1.1496528076818813e-58,0
91329.0,0.0,0.0,0
83145.0,0.0,0.0,0
78066.0,1.0,0.0,0
86665.0,1.0,9.344224802969345e-207,0
71529.0,0.0,3.97717590110554e-128,0
83713.0,0.0,0.0,0
83817.0,0.0,5.141994332667659e-185,0
87613.0,0.0,3.559911182946387e-64,0
73515.0,0.0,1.2270281409687778e-170,0
77031.0,0.0,2.858235409017326e-47,0
77908.0,0.0,3.1380636551090816e-212,0
77710.0,0.0,0.0,0
72275.0,0.0,1.0,1
81339.0,0.0,1.0436851734375485e-26,0
81052.0,0.0,8.574734525332972e-203,0
97832.0,0.0,0.0,0
87517.0,0.0,6.395413556100714e-241,0
80234.0,1.0,0.0,0
78536.0,0.0,0.0,0
96388.0,0.0,1.4525342486375547e-45,0
78793.0,0.0,3.7069165464710104e-199,0
94161.0,0.0,0.0001856180227707363,0
70814.0,0.0,1.0859697244777722e-08,0
75480.0,0.0,1.6828905279335942e-258,0
86883.0,0.0,6.4828719609726516e-198,0
99893.0,0.0,1.5493836133436414e-208,0
70953.0,0.0,1.14424805476693e-308,0
93576.0,0.0,0.0,0
76591.0,0.0,0.0,0
80764.0,0.0,1.6672620597052762e-40,0
73797.0,0.0,0.0,0
75514.0,0.0,6.934587911106578e-224,0
79306.0,0.0,1.3768280065380802e-156,0
90242.0,0.0,1.315898105253669e-219,0
97777.0,0.0,0.0,0
73503.0,0.0,5.4104606319213224e-291,0
74339.0,0.0,0.0,0
78809.0,0.0,4.47940144172506e-118,0
71920.0,0.0,4.559463648081138e-187,0
81588.0,0.0,0.0,0
91821.0,0.0,3.050427377333695e-77,0
86878.0,0.0,0.9999984825053132,1
80327.0,0.0,0.0,0
74472.0,0.0,1.234615918879502e-55,0
80018.0,0.0,2.2737540625946337e-86,0
99243.0,0.0,1.0114853823606786e-117,0
70746.0,0.0,6.986296920351344e-149,0
94008.0,0.0,0.0,0
97761.0,0.0,4.326137327393731e-58,0
95674.0,0.0,5.770325661643956e-88,0
78005.0,1.0,1.1113465846275502e-145,0
90400.0,0.0,6.341626705372269e-122,0
88317.0,0.0,7.84630137110548e-287,0
91867.0,0.0,9.372657147810782e-09,0
71966.0,0.0,1.0,1
75236.0,0.0,6.361642056366981e-67,0
83598.0,0.0,1.0190589232943796e-23,0
79811.0,0.0,5.3972125375236116e-194,0
87271.0,0.0,0.0,0
90584.0,0.0,1.3541149278347564e-218,0
91424.0,0.0,9.691575214987783e-11,0
74703.0,0.0,0.0,0
97806.0,0.0,1.129321430784729e-224,0
92682.0,0.0,2.350628505992873e-46,0
95370.0,0.0,4.54814527467205e-26,0
80369.0,0.0,1.0,1
97667.0,0.0,8.973172288708523e-130,0
78213.0,0.0,9.599095978165945e-288,0
71691.0,0.0,0.0,0
73934.0,0.0,0.0,0
85273.0,0.0,2.015870696471908e-84,0
94689.0,0.0,2.6363116693840176e-116,0
90624.0,0.0,4.875252779915899e-227,0
72723.0,0.0,8.578286243737345e-207,0
95937.0,0.0,7.429542886404286e-64,0
76885.0,0.0,5.877872108233697e-184,0
84680.0,0.0,6.595798068142646e-59,0
79558.0,0.0,0.0,0
71126.0,0.0,7.026098942545924e-93,0
95063.0,0.0,3.237836826866363e-94,0
80496.0,0.0,3.430930355753888e-68,0
78799.0,0.0,0.9998612531245404,1
78747.0,0.0,1.2239551911533639e-108,0
70087.0,0.0,0.09419073475201578,0
78864.0,0.0,9.39018895120708e-114,0
84639.0,1.0,2.407167286986457e-99,0
72414.0,0.0,1.0,1
82471.0,0.0,3.0608277532062463e-44,0
78846.0,0.0,1.0,1
95835.0,0.0,4.919813326423303e-17,0
83214.0,0.0,0.0,0
93927.0,0.0,6.900582391047932e-170,0
82672.0,0.0,4.381693392304984e-25,0
99358.0,0.0,2.268366045288153e-128,0
98657.0,0.0,0.0,0
83839.0,0.0,1.2097928167826242e-244,0
75089.0,0.0,1.0,1
75992.0,0.0,0.0,0
84402.0,0.0,0.0,0
78743.0,0.0,2.936228911361433e-185,0
78440.0,0.0,4.627195390362613e-97,0
87529.0,0.0,5.112820501148338e-16,0
86560.0,0.0,0.0,0
82877.0,0.0,3.5324043775881117e-81,0
92428.0,0.0,1.661024099470292e-158,0
90211.0,0.0,1.3017182384389622e-163,0
93242.0,0.0,6.5888915672164115e-50,0
89378.0,0.0,1.5008662062837743e-58,0
81025.0,0.0,0.0,0
75420.0,0.0,0.0,0
79924.0,0.0,1.0194815952361687e-72,0
86638.0,0.0,1.051066398937757e-29,0
91271.0,0.0,0.0,0
73735.0,0.0,0.0,0
96761.0,0.0,8.228279832222366e-105,0
96644.0,0.0,8.052794067526626e-42,0
84273.0,0.0,0.0,0
95815.0,0.0,2.828349373881736e-55,0
88005.0,0.0,0.0,0
90240.0,0.0,5.08516591311382e-87,0
86612.0,1.0,0.0,0
74280.0,0.0,5.650022270959843e-40,0
86794.0,0.0,0.0,0
79332.0,1.0,3.5353340318779416e-38,0
74595.0,0.0,0.000710059537168234,0
71088.0,0.0,5.941197482097592e-167,0
84784.0,0.0,1.9038114510431303e-236,0
81066.0,0.0,8.628654044638408e-295,0
84403.0,0.0,1.0977447055445489e-126,0
95462.0,0.0,0.0,0
92731.0,0.0,1.0,1
74176.0,0.0,9.566917650832802e-162,0
94350.0,0.0,1.7145006290175252e-05,0
93523.0,0.0,1.0,1
93083.0,0.0,3.4796523401311226e-245,0
98133.0,0.0,7.295097087633182e-82,0
75516.0,0.0,0.0,0
99624.0,0.0,2.2250386772990628e-201,0
79629.0,0.0,1.6952640836896828e-282,0
75827.0,0.0,0.0,0
86845.0,0.0,0.0,0
76749.0,0.0,5.419179954388355e-120,0
82704.0,0.0,1.263536071349579e-119,0
70371.0,0.0,0.0,0
94912.0,0.0,0.0,0
89933.0,0.0,1.660352735919926e-155,0
72022.0,0.0,2.479508326764524e-195,0
80539.0,0.0,1.7276339988315483e-23,0
93491.0,0.0,3.824029683112e-231,0
70109.0,0.0,0.0,0
73045.0,0.0,3.561298585499773e-187,0
93240.0,0.0,0.0,0
70044.0,0.0,0.0,0
93376.0,0.0,0.0,0
97151.0,0.0,3.5778896587782955e-129,0
91093.0,0.0,3.352561107422969e-06,0
76853.0,0.0,1.0,1
94861.0,0.0,2.434382720576468e-242,0
94234.0,0.0,8.371543005177312e-114,0
93617.0,0.0,0.0,0
77615.0,0.0,7.488824735850971e-21,0
85187.0,0.0,8.327279697680598e-60,0
93489.0,0.0,0.0,0
79559.0,0.0,1.0,1
99199.0,0.0,2.0673695442762103e-71,0
94292.0,0.0,3.1089860710325697e-09,0
95898.0,1.0,1.0580661936398456e-287,0
79882.0,0.0,2.694437627596665e-119,0
91196.0,0.0,2.9969395213487332e-214,0
82040.0,0.0,7.733626701622019e-89,0
82551.0,0.0,2.594805541098475e-66,0
82220.0,0.0,1.7015840441493966e-27,0
95900.0,0.0,8.725839589695147e-111,0
88823.0,0.0,5.35191819008977e-173,0
70155.0,0.0,6.030111911710755e-105,0
98146.0,0.0,1.062728567545198e-188,0
90632.0,0.0,0.0,0
86379.0,0.0,0.013090671153861972,0
90202.0,1.0,1.307000294228958e-21,0
98151.0,0.0,1.0,1
74184.0,0.0,1.8197454930726593e-07,0
96875.0,0.0,8.055770155211741e-294,0
78241.0,0.0,0.0,0
93970.0,0.0,1.2266134157927545e-33,0
75475.0,0.0,1.0615505158970005e-194,0
83945.0,0.0,6.798521675302395e-131,0
86172.0,0.0,0.0,0
72615.0,0.0,4.030523328794769e-63,0
74249.0,0.0,2.781619500530641e-125,0
80727.0,0.0,5.256486695378508e-28,0
75256.0,0.0,0.0,0
82597.0,0.0,3.411649015987139e-186,0
89475.0,0.0,1.217760388159902e-218,0
93790.0,0.0,0.0,0
88307.0,0.0,1.0,1
98470.0,0.0,0.0,0
87573.0,1.0,4.0309065466132553e-296,0
74853.0,0.0,1.2498433032538934e-117,0
80595.0,0.0,2.693558269379117e-141,0
74208.0,0.0,9.582676984611453e-71,0
98371.0,0.0,1.6897229836496485e-306,0
70747.0,0.0,2.1695228972388405e-56,0
76612.0,0.0,0.0,0
86539.0,0.0,1.7124011528441373e-151,0
78314.0,0.0,7.509420212199972e-231,0
98138.0,0.0,8.039584888119192e-207,0
78748.0,0.0,0.0,0
80432.0,0.0,3.1759346222710405e-291,0
78099.0,0.0,5.004368702239065e-193,0
95608.0,0.0,1.0,1
95361.0,0.0,5.674115546346766e-208,0
95952.0,0.0,6.587058704514816e-92,0
85192.0,0.0,1.285549341940449e-307,0
98265.0,0.0,2.5238839580169864e-293,0
81088.0,0.0,2.4910734915913906e-208,0
85434.0,0.0,0.0,0
95381.0,0.0,0.0,0
75467.0,0.0,1.0,1
70753.0,0.0,4.946301290117603e-102,0
92460.0,0.0,7.395643705610695e-31,0
99276.0,0.0,0.9999809164617507,1
87526.0,0.0,7.005964078980777e-78,0
94407.0,0.0,0.0,0
70993.0,0.0,4.694142912184486e-147,0
81845.0,0.0,1.0,1
99623.0,0.0,0.0,0
72917.0,0.0,6.940143123370316e-127,0
77475.0,0.0,1.214443703826974e-71,0
97983.0,0.0,1.0,1
90700.0,0.0,1.1929774275446505e-200,0
74026.0,0.0,1.9679262132509768e-143,0
73240.0,0.0,0.0,0
83384.0,0.0,1.0,1
83809.0,0.0,2.4100914466629312e-223,0
81966.0,0.0,2.106460044474654e-183,0
71014.0,0.0,1.2213117833728138e-52,0
72501.0,0.0,5.756197508755202e-241,0
89858.0,0.0,2.006256865967105e-193,0
89128.0,0.0,0.0,0
71359.0,0.0,4.32876229031793e-82,0
87126.0,0.0,1.0,1
93112.0,0.0,4.877106803920521e-138,0
85845.0,0.0,0.0,0
95524.0,0.0,6.735646662084724e-143,0
80094.0,0.0,5.12265915115425e-42,0
78398.0,0.0,1.0,1
73447.0,0.0,0.999999999999835,1
73658.0,0.0,2.3459848456612372e-52,0
90752.0,0.0,3.717379405776571e-142,0
97869.0,0.0,9.720119750358907e-05,0
98586.0,0.0,5.135674108992293e-89,0
85164.0,0.0,4.051075435003388e-303,0
87372.0,0.0,2.945755934414369e-83,0
94323.0,0.0,2.2477892296149858e-234,0
80482.0,0.0,6.2032298755978326e-21,0
71394.0,0.0,0.0,0
76103.0,0.0,0.0,0
81023.0,0.0,3.449663810280224e-79,0
88533.0,0.0,4.845755889228708e-78,0
70261.0,0.0,0.0,0
71987.0,0.0,0.0,0
91989.0,0.0,0.0,0
85789.0,0.0,2.8905941431457218e-154,0
81973.0,0.0,2.1112069190663503e-257,0
97221.0,0.0,6.373811696091597e-155,0
77999.0,0.0,1.6879660780575495e-198,0
86467.0,0.0,0.0,0
70358.0,0.0,1.0067236184100585e-41,0
87583.0,1.0,0.0,0
89359.0,1.0,5.1481799031309977e-101,0
78009.0,0.0,5.922466920806361e-265,0
73438.0,0.0,1.0,1
79422.0,0.0,1.3261731072942734e-149,0
96570.0,0.0,6.445766941249856e-104,0
83647.0,0.0,9.874709253644574e-123,0
99989.0,0.0,0.013025349883313945,0
83001.0,0.0,0.0,0
91435.0,0.0,3.747059722067587e-174,0
95265.0,0.0,1.0,1
75128.0,1.0,5.7684456986736876e-117,0
97919.0,1.0,2.4374687433496302e-62,0
99188.0,0.0,0.0,0
93269.0,0.0,0.0,0
89652.0,0.0,5.619754411303614e-38,0
99034.0,0.0,7.747714563779808e-91,0
94514.0,0.0,8.904761906224168e-119,0
95606.0,0.0,4.591923733629457e-305,0
96983.0,0.0,3.557105738963814e-67,0
79416.0,0.0,0.0,0
78315.0,0.0,1.4386329633694861e-274,0
73604.0,0.0,9.641598010799696e-131,0
95359.0,0.0,1.7438592529989667e-212,0
72498.0,0.0,9.039791463225646e-87,0
93658.0,0.0,5.4890205808601145e-129,0
70242.0,0.0,1.0763723286330877e-11,0
98321.0,0.0,0.0,0
95577.0,1.0,0.0,0
91903.0,0.0,2.9277536203793944e-61,0
92239.0,0.0,1.4857790048564486e-136,0
73101.0,0.0,1.2806162792633564e-107,0
99145.0,0.0,1.0,1
98652.0,0.0,2.7140463757702954e-16,0
94907.0,0.0,3.657942398727467e-277,0
75479.0,0.0,1.0,1
93235.0,0.0,4.702161463440689e-98,0
95552.0,0.0,6.536518544726391e-271,0
97088.0,0.0,1.0,1
80105.0,0.0,0.00017178575738096245,0
92550.0,0.0,2.248381444831433e-133,0
94606.0,0.0,0.0,0
88776.0,0.0,8.705557426152257e-35,0
87990.0,1.0,8.561047919977218e-149,0
74749.0,0.0,5.870140656886124e-05,0
99958.0,1.0,1.0,1
96234.0,0.0,1.0,1
90959.0,1.0,9.017311797901584e-202,0
97999.0,0.0,1.1546755657327517e-291,0
82929.0,0.0,1.1749214405319256e-62,0
77834.0,0.0,1.5663004897230764e-147,0
86118.0,0.0,1.0,1
92970.0,1.0,9.04356109519005e-99,0
77178.0,0.0,3.116034042355252e-119,0
81609.0,0.0,6.746589387935103e-278,0
88084.0,0.0,4.1740925242259595e-65,0
83466.0,0.0,1.5451674600905106e-85,0
97617.0,0.0,0.0,0
78106.0,0.0,0.0,0
73801.0,0.0,2.0577025309241445e-252,0
92101.0,0.0,1.0079350318535913e-138,0
70721.0,0.0,6.577873115375912e-220,0
95714.0,0.0,3.3425969334462847e-37,0
89249.0,0.0,3.1302013716362494e-201,0
96220.0,0.0,1.0116945292004859e-61,0
73619.0,0.0,1.6676654512799578e-178,0
89181.0,0.0,4.860917639221815e-109,0
83694.0,0.0,5.1973013376419886e-49,0
88586.0,0.0,1.7675734846475048e-183,0
90267.0,0.0,9.959575470524777e-10,0
92398.0,0.0,0.0,0
72758.0,0.0,1.0646276315351454e-240,0
88353.0,0.0,1.08240009320429e-34,0
94027.0,0.0,0.0,0
82314.0,0.0,1.6108317303616827e-280,0
75474.0,0.0,1.3427592826564887e-113,0
87073.0,0.0,6.0104500794814995e-142,0
80467.0,0.0,1.2964250315336306e-90,0
85821.0,0.0,5.039058630532437e-139,0
85438.0,0.0,0.9999957953139862,1
77430.0,0.0,3.4888428316088066e-66,0
71208.0,0.0,1.6826358988596008e-110,0
70022.0,0.0,7.851542320592552e-165,0
72271.0,0.0,0.0,0
95547.0,0.0,6.9664168115005745e-68,0
73565.0,0.0,0.004712430919561507,0
85611.0,0.0,3.262850908099159e-98,0
80937.0,0.0,3.7887218866196044e-75,0
74510.0,0.0,2.002193512143485e-153,0
74977.0,0.0,5.20575085529257e-268,0
71224.0,0.0,1.9964730600579147e-198,0
78553.0,0.0,2.288937710170804e-112,0
90746.0,0.0,0.0,0
89906.0,0.0,1.8609175371495157e-59,0
82248.0,0.0,2.328799664230313e-89,0
71010.0,0.0,1.255681288144732e-206,0
73448.0,0.0,1.0828427497123456e-125,0
94876.0,0.0,1.0,1
88123.0,0.0,7.203974670386948e-205,0
72750.0,0.0,1.0,1
72605.0,0.0,8.829092162612358e-267,0
82729.0,1.0,4.473371485720737e-275,0
84952.0,0.0,0.0,0
84166.0,0.0,7.51431829611515e-299,0
70434.0,0.0,2.364216099067768e-277,0
89097.0,0.0,1.9331030116654635e-65,0
74928.0,0.0,1.9079703763220896e-246,0
77076.0,0.0,4.27830349311745e-152,0
89469.0,0.0,4.060333251505283e-27,0
72678.0,0.0,3.851366045216495e-183,0
94654.0,0.0,0.0,0
77864.0,0.0,0.0,0
87145.0,0.0,1.0,1
70083.0,1.0,1.4372034313658825e-68,0
73175.0,0.0,1.6312872572608928e-127,0
83119.0,0.0,0.0,0
86953.0,0.0,1.0,1
91725.0,0.0,1.0,1
88174.0,0.0,3.6085902460660675e-138,0
79243.0,0.0,7.535941591668833e-130,0
93552.0,0.0,1.7913919944457411e-16,0
91050.0,0.0,0.0,0
79269.0,0.0,1.1687019942115854e-173,0
98064.0,0.0,8.48033632447508e-83,0
75115.0,0.0,3.941835079892442e-144,0
84611.0,0.0,2.8090627985870144e-83,0
78218.0,0.0,6.504176604905166e-108,0
96836.0,0.0,3.8481686966068715e-143,0
99148.0,0.0,8.90033090024319e-127,0
99540.0,0.0,8.46241450808611e-81,0
88016.0,0.0,7.042239198901888e-91,0
94462.0,0.0,3.737964782471136e-51,0
84455.0,0.0,7.105206466955858e-227,0
89031.0,0.0,1.7376383929875485e-201,0
71043.0,0.0,3.4199763495414568e-217,0
76527.0,0.0,4.0361993177434525e-44,0
94074.0,0.0,3.3028582087664935e-224,0
99136.0,0.0,4.766854900542725e-118,0
70223.0,0.0,1.6508283497933826e-86,0
88291.0,0.0,0.0,0
87688.0,0.0,1.9591952156948047e-140,0
98235.0,0.0,0.0,0
81783.0,0.0,2.5582850452896868e-124,0
98945.0,0.0,0.0,0
75796.0,0.0,1.2319430388658805e-108,0
88816.0,0.0,3.0065498705138933e-85,0
93730.0,0.0,0.0,0
97640.0,0.0,0.0,0
88074.0,0.0,1.0,1
79230.0,0.0,0.0,0
83484.0,0.0,1.3788465354352622e-189,0
93621.0,0.0,1.2426663204631085e-154,0
78754.0,0.0,0.0,0
81981.0,0.0,0.0,0
88056.0,0.0,0.0,0
96685.0,0.0,5.150238205766351e-122,0
80222.0,0.0,0.00027079918363448095,0
70789.0,0.0,1.5487166580446823e-176,0
81448.0,0.0,5.685664990106006e-198,0
82747.0,0.0,1.2622652379892906e-69,0
95004.0,0.0,0.7072872041766672,1
98839.0,0.0,1.8317751413472338e-142,0
82618.0,0.0,1.0,1
85490.0,0.0,1.0333378600102778e-127,0
93577.0,0.0,4.578978937706269e-14,0
99885.0,0.0,2.203436697509456e-277,0
74971.0,0.0,1.0,1
97573.0,0.0,1.839993944387529e-172,0
72639.0,0.0,1.0,1
71812.0,0.0,0.0,0
77212.0,0.0,0.0,0
92922.0,0.0,0.0,0
83662.0,0.0,1.024409880926018e-57,0
81704.0,0.0,1.0,1
78537.0,0.0,9.548943130536777e-143,0
98643.0,0.0,0.0,0
76817.0,0.0,0.999999999985486,1
80637.0,0.0,5.8607434720043204e-21,0
88234.0,0.0,1.0,1
85715.0,0.0,1.0634027206212803e-232,0
74405.0,0.0,0.0,0
80480.0,0.0,2.7959951488057968e-216,0
83235.0,0.0,1.028367156114749e-09,0
83520.0,1.0,0.0,0
77464.0,0.0,1.3140325669077113e-91,0
82889.0,0.0,2.1303921196620357e-260,0
86915.0,0.0,7.265514780834619e-107,0
79177.0,0.0,0.0,0
83369.0,0.0,4.375854487318504e-274,0
76915.0,1.0,6.744512621720141e-40,0
75059.0,0.0,4.772211067729726e-74,0
91480.0,0.0,0.0,0
89545.0,0.0,9.442976275693513e-284,0
80045.0,0.0,1.5171285973837863e-25,0
70791.0,0.0,1.2295651321131384e-112,0
89165.0,0.0,1.684604556728739e-84,0
99029.0,0.0,6.708989375740675e-22,0
90193.0,0.0,0.0,0
73414.0,0.0,1.0,1
96224.0,0.0,5.7649707310196285e-37,0
75327.0,0.0,1.6664275122376866e-174,0
87320.0,0.0,0.0,0
98845.0,0.0,7.392102356809925e-86,0
73334.0,0.0,0.999984153458903,1
88626.0,0.0,8.359057426226133e-147,0
72331.0,0.0,4.62141035192898e-66,0
98502.0,0.0,0.0,0
99982.0,0.0,3.7104904216144024e-64,0
82745.0,0.0,7.646689289133481e-54,0
78098.0,0.0,4.3108002528082007e-234,0
95984.0,0.0,0.017567081891541228,0
85704.0,0.0,0.0,0
96643.0,0.0,1.1299986982115944e-267,0
97440.0,0.0,1.1956342171456784e-133,0
77083.0,0.0,0.8484524841399068,1
95391.0,0.0,1.0,1
83991.0,0.0,4.556192551044168e-19,0
94202.0,0.0,0.0,0
75106.0,0.0,1.1633815581351438e-73,0
77008.0,0.0,9.086517316213252e-166,0
95805.0,0.0,7.161833671027145e-244,0
80204.0,0.0,4.688397626439893e-118,0
74068.0,0.0,1.0126051847001243e-100,0
94478.0,0.0,0.0,0
81904.0,0.0,6.5914866958070145e-109,0
81349.0,0.0,0.0,0
76845.0,0.0,4.3900806341147257e-35,0
73593.0,0.0,1.2793927970012975e-13,0
72153.0,0.0,1.439020140113591e-209,0
73562.0,0.0,0.0,0
98301.0,0.0,1.0,1
81416.0,0.0,1.2986076772143604e-20,0
70995.0,0.0,1.0,1
97632.0,0.0,1.031086642122969e-279,0
79238.0,0.0,2.825699549633559e-130,0
90324.0,0.0,0.0,0
77314.0,0.0,4.1347376262649826e-86,0
96125.0,0.0,4.731489962514227e-140,0
88737.0,0.0,0.0,0
81012.0,0.0,5.927232189094467e-101,0
75691.0,0.0,7.371492208115486e-80,0
78672.0,0.0,0.9999999999978044,1
77519.0,0.0,0.4189268706439712,0
95141.0,0.0,0.645892963365905,1
73782.0,0.0,3.021778216552121e-97,0
91724.0,0.0,1.4182368443135795e-185,0
76476.0,0.0,3.32729136375089e-222,0
75661.0,0.0,1.0840140620400408e-304,0
97842.0,0.0,7.424900941283413e-38,0
81035.0,0.0,0.0,0
84674.0,0.0,6.508641064050568e-295,0
79214.0,0.0,7.765297480003889e-82,0
79490.0,0.0,3.6536076740572325e-223,0
86853.0,0.0,0.0,0
93824.0,0.0,3.4204285698567725e-153,0
88323.0,0.0,9.420941028706464e-199,0
74874.0,0.0,7.823047162597597e-217,0
85959.0,0.0,1.0,1
83006.0,0.0,7.098389332025418e-150,0
98398.0,0.0,0.0,0
99669.0,0.0,1.8260412649290397e-148,0
83389.0,0.0,3.7297952666224276e-122,0
96444.0,0.0,1.865594687948337e-42,0
93695.0,0.0,0.0,0
81540.0,0.0,4.168716379488256e-298,0
71279.0,0.0,3.1375944911137817e-118,0
74368.0,0.0,2.3605439829513523e-105,0
92812.0,0.0,3.7685087939628504e-291,0
77763.0,0.0,1.7713297242043653e-238,0
78085.0,0.0,0.0,0
83252.0,1.0,1.0,1
71032.0,0.0,0.0,0
99192.0,0.0,7.106590038789147e-07,0
92397.0,0.0,1.8371721480001637e-133,0
83251.0,0.0,2.0967721190184326e-36,0
82302.0,0.0,2.3011560471342114e-297,0
89232.0,0.0,8.484856365676135e-52,0
80777.0,0.0,0.0,0
89857.0,0.0,0.0,0
80499.0,0.0,3.099290252737016e-32,0
94473.0,1.0,4.197060690013092e-63,0
72279.0,0.0,4.595527051412439e-304,0
79008.0,0.0,2.8374874621084966e-213,0
78801.0,0.0,4.599394775103776e-116,0
71037.0,0.0,2.5327943895822792e-228,0
73362.0,0.0,6.30438028305199e-25,0
96926.0,0.0,3.1528490812788927e-193,0
88579.0,0.0,7.1447076594968e-185,0
95405.0,0.0,0.0,0
89278.0,0.0,0.0,0
78337.0,0.0,3.3464076394494685e-84,0
80510.0,0.0,0.0,0
73559.0,0.0,0.0,0
74899.0,0.0,0.0,0
82485.0,0.0,0.0,0
89921.0,0.0,4.119263548679348e-222,0
84472.0,0.0,1.0,1
93901.0,0.0,1.3061066094726008e-182,0
95242.0,0.0,1.3960612357927434e-70,0
87159.0,0.0,0.0,0
77005.0,1.0,9.3112718504311e-58,0
88720.0,0.0,1.0,1
93429.0,1.0,0.9999986729933222,1
70677.0,0.0,2.0605498108658692e-226,0
86329.0,0.0,0.9999999999999969,1
91779.0,0.0,0.0,0
88159.0,0.0,0.0,0
81735.0,0.0,0.0,0
80200.0,0.0,1.2735101898093018e-164,0
88471.0,0.0,6.363626589819992e-19,0
85957.0,0.0,0.0,0
72165.0,0.0,1.707014509150256e-208,0
94987.0,1.0,1.7996406391905398e-138,0
85955.0,0.0,2.362289212039617e-23,0
84549.0,0.0,0.0,0
81080.0,1.0,0.999989826004466,1
75439.0,0.0,1.0,1
70800.0,0.0,0.0,0
92626.0,0.0,5.334291081510259e-22,0
80697.0,0.0,0.0,0
81420.0,0.0,1.0,1
82060.0,0.0,0.0,0
92093.0,0.0,0.9070308186462405,1
78849.0,0.0,1.213692206067174e-215,0
84565.0,0.0,1.6728954133112007e-87,0
95528.0,0.0,0.0,0
74034.0,0.0,2.943881405008517e-192,0
99836.0,0.0,0.0,0
77960.0,0.0,7.646551199370537e-17,0
93395.0,0.0,0.0,0
82032.0,0.0,0.0,0
85327.0,0.0,0.0,0
98266.0,0.0,0.0,0
74366.0,0.0,1.7830451758765927e-78,0
70566.0,0.0,3.4623037910428874e-112,0
79062.0,0.0,3.472821395125633e-125,0
70495.0,0.0,1.0,1
87742.0,0.0,0.0,0
73765.0,0.0,3.5201340272697274e-07,0
93917.0,0.0,3.586601411411175e-113,0
93244.0,0.0,1.0,1
84935.0,0.0,6.090342248280805e-54,0
98434.0,0.0,2.767261329308352e-68,0
93265.0,0.0,1.0,1
92033.0,0.0,4.826146825137185e-10,0
87728.0,0.0,0.0,0
86482.0,0.0,9.052127035224346e-159,0
82812.0,0.0,4.439355899794173e-53,0
93839.0,0.0,4.839663528163981e-94,0
75409.0,0.0,0.9999999999998792,1
73245.0,0.0,4.554947582377179e-118,0
85363.0,0.0,8.810682122262456e-292,0
94186.0,0.0,4.71921090138231e-112,0
74303.0,0.0,1.5255254483349542e-07,0
73922.0,0.0,3.079703509383819e-37,0
83735.0,0.0,3.996591155525486e-198,0
81367.0,0.0,0.0,0
80605.0,0.0,0.0,0
98519.0,0.0,1.011174396459137e-80,0
79764.0,0.0,1.0,1
70680.0,0.0,0.0,0
74717.0,0.0,0.0,0
74129.0,0.0,8.184618610582856e-157,0
93556.0,0.0,1.0753751020405296e-27,0
75790.0,0.0,1.7842677860587505e-08,0
82327.0,0.0,5.844042721896723e-271,0
73520.0,0.0,2.345876146615859e-21,0
74970.0,0.0,1.0255579051792899e-17,0
82848.0,0.0,0.0,0
89322.0,0.0,3.7260489038158424e-86,0
85524.0,0.0,6.609359983107574e-179,0
96099.0,0.0,0.0,0
82493.0,0.0,1.8816733007012587e-257,0
71537.0,0.0,2.6246774550773444e-80,0
94304.0,0.0,0.0,0
81718.0,0.0,0.0,0
93956.0,0.0,2.1178914219323048e-162,0
75083.0,0.0,0.0,0
96596.0,0.0,1.0,1
99764.0,0.0,0.0,0
70872.0,0.0,1.1988589451643113e-125,0
94802.0,1.0,6.159351367825195e-237,0
71839.0,0.0,4.2565072106247655e-92,0
83645.0,0.0,0.0,0
84468.0,0.0,4.66557743147241e-239,0
84667.0,0.0,2.3552212698810013e-256,0
95988.0,0.0,1.0,1
71310.0,0.0,9.501635885560882e-102,0
87917.0,0.0,0.39380867231006705,0
86288.0,0.0,7.508376121306316e-190,0
75036.0,0.0,9.403497936172916e-126,0
72228.0,0.0,0.0,0
81863.0,0.0,1.611925963655655e-111,0
76763.0,0.0,3.3747425876267187e-69,0
74340.0,0.0,3.805124943526791e-108,0
77536.0,0.0,2.5531246738995308e-194,0
74319.0,0.0,6.243577785172654e-111,0
78260.0,0.0,2.062230154689747e-190,0
73851.0,0.0,1.093922818169814e-248,0
86587.0,0.0,0.0,0
99911.0,0.0,0.0,0
94772.0,0.0,0.0,0
87480.0,0.0,1.0046718597598144e-285,0
79011.0,0.0,8.090248761914625e-180,0
79291.0,0.0,1.8742259479700593e-22,0
77771.0,0.0,2.2388553467412785e-90,0
80497.0,0.0,2.917070506901473e-150,0
97680.0,0.0,2.664817330161322e-172,0
78928.0,0.0,0.0,0
77968.0,0.0,1.3940097868808206e-201,0
96126.0,0.0,4.1803107183745865e-85,0
77137.0,0.0,0.999324514528338,1
77327.0,0.0,9.12234452698174e-225,0
70924.0,0.0,8.892155250667406e-63,0
92703.0,0.0,8.909156973185487e-173,0
73344.0,0.0,1.0,1
81217.0,0.0,5.842222592162221e-39,0
79883.0,1.0,7.252801856934865e-70,0
86103.0,0.0,1.421348184236399e-258,0
99107.0,0.0,4.60437896042211e-78,0
92679.0,0.0,1.0,1
80000.0,0.0,3.0725964665379e-140,0
85183.0,0.0,2.7867554334407644e-234,0
72668.0,0.0,1.0,1
80429.0,0.0,6.511584750784134e-74,0
94220.0,0.0,1.0,1
91436.0,0.0,0.0,0
98665.0,0.0,1.4699455159098877e-98,0
88937.0,0.0,1.1363786857772729e-253,0
94734.0,0.0,3.2595264888691887e-99,0
70520.0,0.0,0.0,0
75430.0,0.0,2.1840208895559257e-276,0
75169.0,0.0,1.1616779670450791e-164,0
96992.0,0.0,8.134389460791403e-101,0
73989.0,0.0,0.07639737694557203,0
97213.0,0.0,1.141811265994033e-126,0
75874.0,0.0,7.319828784195858e-69,0
85972.0,0.0,7.86635660884855e-138,0
98513.0,0.0,4.5052233080101335e-32,0
91567.0,0.0,4.4152701660202034e-279,0
89973.0,0.0,1.0,1
88620.0,0.0,1.0,1
99763.0,0.0,0.0,0
99221.0,0.0,0.0,0
79711.0,0.0,4.795986433478473e-69,0
76293.0,0.0,0.0,0
72854.0,0.0,0.0,0
86156.0,0.0,1.5330459936643342e-148,0
79168.0,0.0,2.3104346822950396e-68,0
72951.0,0.0,5.1166283578793285e-30,0
78510.0,1.0,0.0,0
99692.0,0.0,0.0,0
79529.0,0.0,9.75441058399863e-262,0
76743.0,0.0,1.0,1
85478.0,0.0,1.0,1
93735.0,0.0,0.0006238001626863904,0
70057.0,0.0,2.2258835171059305e-195,0
72529.0,0.0,4.360328837473832e-139,0
82683.0,1.0,1.0,1
93955.0,0.0,1.770460457895685e-207,0
99330.0,0.0,5.140272789347459e-155,0
71461.0,0.0,1.0,1
94768.0,0.0,6.711414924251171e-224,0
74299.0,0.0,3.088893640436932e-59,0
93277.0,0.0,4.370730101249058e-11,0
89814.0,0.0,1.0936376572827978e-294,0
83176.0,0.0,0.0,0
81567.0,0.0,6.104459240714004e-75,0
98345.0,0.0,0.0,0
82967.0,0.0,9.926292997022203e-237,0
77923.0,0.0,1.0,1
72859.0,0.0,3.4413775581287014e-291,0
82271.0,0.0,1.0,1
72994.0,0.0,0.0,0
83049.0,0.0,4.1671815915816804e-238,0
86162.0,0.0,9.749351451839396e-199,0
71672.0,0.0,0.0,0
95297.0,0.0,2.7270278033711964e-247,0
76249.0,0.0,2.364841912411143e-217,0
72332.0,0.0,0.0,0
93748.0,0.0,0.0,0
99077.0,0.0,0.0,0
80674.0,0.0,0.41634141413210213,0
89560.0,0.0,8.695711715842902e-35,0
70907.0,0.0,0.0,0
78561.0,0.0,5.755966090979155e-308,0
97413.0,0.0,9.732731366761556e-208,0
99465.0,0.0,1.0,1
97255.0,0.0,0.0,0
79508.0,0.0,6.441133770301606e-148,0
89163.0,0.0,0.0,0
95200.0,0.0,1.4684135223295985e-171,0
97294.0,0.0,5.343699845458554e-146,0
85647.0,0.0,2.3870478652666633e-23,0
85543.0,0.0,4.366365573833639e-188,0
80461.0,0.0,1.0,1
95686.0,0.0,0.0,0
70296.0,0.0,2.5536599276963445e-240,0
79279.0,0.0,7.061565935318365e-108,0
97241.0,0.0,0.0,0
75843.0,0.0,6.60531244201901e-183,0
97813.0,0.0,2.022367684661653e-121,0
88171.0,0.0,1.0,1
78520.0,0.0,1.3617660846792442e-31,0
93328.0,0.0,1.491590229232904e-50,0
99617.0,0.0,3.69913077276838e-191,0
72855.0,0.0,9.80245703466306e-132,0
83715.0,0.0,3.3253594614579504e-180,0
88871.0,0.0,2.6272405636589156e-263,0
78499.0,0.0,4.83012719746045e-160,0
84714.0,0.0,1.360569082144595e-106,0
83098.0,0.0,2.2303960937951335e-24,0
90388.0,0.0,1.920986709911154e-91,0
85322.0,0.0,9.443478190866322e-173,0
91796.0,0.0,0.0,0
97889.0,0.0,1.3517797008511495e-05,0
83240.0,0.0,1.2164655101994555e-82,0
98257.0,0.0,0.0,0
72365.0,0.0,3.258987141503216e-160,0
91990.0,0.0,0.0,0
93916.0,0.0,6.430886960581554e-82,0
90179.0,0.0,6.794803082659593e-183,0
82816.0,0.0,6.2381064489377175e-12,0
95374.0,0.0,0.00012144411585711883,0
75028.0,0.0,0.0,0
87027.0,0.0,2.2773589447487956e-13,0
86802.0,0.0,3.3065501805092123e-44,0
97770.0,0.0,0.0,0
72673.0,0.0,1.0,1
81074.0,0.0,2.5460525472448506e-278,0
72102.0,0.0,1.154793261087917e-102,0
76294.0,0.0,2.098242655760896e-202,0
97393.0,0.0,1.4745034232734457e-141,0
90667.0,0.0,0.785988230739559,1
87765.0,0.0,1.3320298929519176e-227,0
93782.0,0.0,0.0,0
74090.0,0.0,1.495076758486919e-214,0
88814.0,0.0,0.0,0
95060.0,0.0,5.644588620850577e-09,0
95923.0,0.0,1.3113865851236256e-267,0
82757.0,0.0,1.2444924100217262e-09,0
85388.0,0.0,1.2081733294273234e-266,0
88614.0,0.0,0.0,0
94152.0,0.0,1.0,1
84423.0,0.0,2.7655042126356205e-297,0
98894.0,0.0,9.527859797166186e-27,0
74912.0,1.0,2.459627801767374e-251,0
70383.0,0.0,4.044983628982959e-79,0
87692.0,0.0,2.639204992700739e-127,0
89649.0,0.0,2.0351218866741e-129,0
97105.0,0.0,1.3971975444351015e-50,0
73949.0,0.0,4.9430654455468425e-168,0
79871.0,0.0,5.853409214828175e-184,0
92395.0,0.0,1.0128143641352726e-36,0
93924.0,0.0,7.000309085484937e-07,0
81304.0,0.0,9.182178704969174e-223,0
92264.0,0.0,0.0,0
85985.0,0.0,3.6752484551938946e-183,0
80511.0,0.0,0.0,0
88719.0,0.0,6.816828098798952e-101,0
74871.0,0.0,3.470710390849918e-147,0
80692.0,0.0,0.9999999997930118,1
81557.0,0.0,3.0535372450913204e-94,0
84385.0,0.0,1.5671481369200696e-168,0
95417.0,0.0,5.707306615177482e-210,0
97922.0,0.0,3.9382299680231815e-112,0
93578.0,0.0,1.006618922213546e-213,0
90956.0,0.0,3.5083494452382334e-247,0
98805.0,0.0,0.0,0
73029.0,0.0,2.5712871939524487e-274,0
73322.0,0.0,2.0944042509207023e-273,0
89547.0,0.0,0.16378222411910354,0
90414.0,0.0,7.180879640893191e-55,0
70023.0,0.0,3.6726754047301946e-29,0
70164.0,0.0,1.009067405357353e-58,0
96949.0,0.0,2.6490759682405168e-18,0
91068.0,0.0,6.6520687308808446e-198,0
85540.0,0.0,2.2587173850913331e-125,0
88665.0,0.0,3.646103893893569e-131,0
92788.0,0.0,0.0,0
82549.0,0.0,9.242266948246028e-171,0
78226.0,0.0,6.246463363311122e-138,0
98143.0,0.0,9.602915753677884e-171,0
91430.0,0.0,0.0,0
93813.0,0.0,1.682631819906392e-95,0
93826.0,0.0,8.941481857428866e-45,0
87236.0,0.0,5.4119913081895285e-298,0
88048.0,0.0,3.915775507399518e-276,0
97371.0,0.0,0.0,0
78192.0,0.0,5.935189233039335e-152,0
84203.0,0.0,8.792956515513061e-248,0
76795.0,0.0,0.0,0
92185.0,0.0,3.823209822320287e-158,0
87633.0,0.0,2.9232705166861704e-129,0
78818.0,0.0,0.0,0
78438.0,0.0,2.333813139300513e-60,0
84845.0,0.0,3.8080714477386247e-162,0
70299.0,0.0,1.6373140127729706e-116,0
83434.0,0.0,1.5218501301075916e-105,0
88383.0,0.0,0.0,0
83867.0,0.0,2.928810590876211e-107,0
97633.0,0.0,0.0,0
75110.0,0.0,0.0,0
79476.0,0.0,1.5054299872355742e-146,0
81293.0,0.0,2.1422723587674642e-55,0
98804.0,0.0,3.597186492793713e-30,0
92193.0,0.0,0.0,0
87999.0,0.0,2.8117927837901454e-46,0
93542.0,0.0,1.8289644411741733e-143,0
95571.0,0.0,0.4335939586283147,0
90581.0,1.0,1.2604315077638122e-47,0
76197.0,0.0,1.3947492147223178e-58,0
76093.0,0.0,1.213301153418614e-125,0
90236.0,0.0,1.0,1
82437.0,0.0,1.5136991533747826e-62,0
84228.0,0.0,0.0,0
88035.0,0.0,2.011265400002289e-111,0
93494.0,0.0,3.1527162229272044e-111,0
80236.0,0.0,1.0851369463515262e-261,0
96052.0,0.0,5.274733302173139e-200,0
80939.0,0.0,0.0,0
79310.0,0.0,1.0597531994146574e-213,0
82006.0,0.0,1.7304963183215336e-184,0
91831.0,0.0,1.5988271525446665e-165,0
89281.0,0.0,0.0,0
91699.0,0.0,0.0,0
90805.0,0.0,0.0,0
98726.0,0.0,1.0,1
71280.0,0.0,0.0,0
81551.0,0.0,3.5366873929733476e-235,0
70420.0,0.0,0.0,0
74714.0,0.0,8.433675663199528e-202,0
72526.0,0.0,4.7204857426702537e-154,0
88425.0,0.0,1.2062594747871414e-152,0
96919.0,0.0,7.570949943446255e-217,0
89965.0,0.0,0.0,0
78869.0,0.0,3.078253877639811e-22,0
84634.0,0.0,8.854226340485536e-290,0
91707.0,0.0,4.180722176337729e-229,0
77945.0,0.0,0.0,0
99151.0,0.0,1.0,1
87835.0,0.0,1.1494527455958328e-154,0
70253.0,0.0,1.8758708426620254e-87,0
92287.0,1.0,0.0,0
94510.0,0.0,7.175888510679138e-255,0
84511.0,0.0,0.0,0
90011.0,0.0,0.999999999996698,1
99609.0,0.0,7.234869878043183e-127,0
98211.0,0.0,4.793611408230485e-162,0
72187.0,0.0,1.0,1
73113.0,0.0,1.3449708342856023e-134,0
80138.0,0.0,1.0314828863309217e-43,0
92251.0,0.0,2.2394269822395172e-68,0
82045.0,0.0,0.0,0
72286.0,0.0,6.09877280037662e-306,0
99788.0,0.0,6.905663294940554e-40,0
88559.0,0.0,6.682558798576384e-116,0
97712.0,0.0,5.201964770924297e-06,0
78272.0,0.0,2.400713070952901e-202,0
73463.0,0.0,2.6064885737864617e-203,0
80538.0,0.0,0.0,0
87984.0,0.0,1.9412660126998117e-192,0
97616.0,0.0,7.56171826122492e-71,0
92545.0,0.0,1.2017285364439092e-90,0
99909.0,0.0,0.0,0
80090.0,0.0,0.0,0
87006.0,0.0,3.02052210146886e-116,0
92063.0,0.0,0.0,0
73997.0,0.0,1.7318399890429063e-21,0
88026.0,0.0,3.733639897445354e-170,0
97415.0,0.0,0.7096380484945862,1
70771.0,0.0,8.439590726456945e-223,0
98522.0,0.0,7.133041798543729e-153,0
89036.0,0.0,2.85948550479863e-213,0
73696.0,0.0,1.0,1
96766.0,0.0,3.5699046582578933e-135,0
78727.0,0.0,4.7720446544326386e-104,0
85031.0,0.0,9.194746051354458e-57,0
72593.0,0.0,0.0,0
98550.0,0.0,8.357573925199284e-102,0
74652.0,0.0,2.4860370692689654e-87,0
70014.0,0.0,3.3687232404940216e-173,0
73348.0,0.0,0.00014789502057844945,0
89631.0,0.0,7.598475432757505e-216,0
99349.0,0.0,1.5941296120010022e-19,0
86669.0,0.0,9.373728946595878e-140,0
87827.0,0.0,1.3120916197406502e-44,0
86556.0,0.0,1.0,1
88948.0,0.0,4.711592431092346e-181,0
92760.0,0.0,0.0,0
71523.0,0.0,9.058410274784703e-17,0
92642.0,0.0,4.405257977472962e-161,0
75645.0,0.0,3.0281768398586834e-99,0
97233.0,0.0,6.612440835489675e-108,0
72274.0,0.0,1.0,1
93094.0,0.0,5.088877770652211e-76,0
92532.0,0.0,1.1071182969869858e-182,0
70968.0,0.0,1.1135342710689653e-11,0
80515.0,0.0,2.0043711375836464e-187,0
88205.0,0.0,3.6136093151692013e-99,0
96814.0,0.0,0.0,0
81259.0,0.0,4.4461743869509114e-103,0
94581.0,0.0,8.487865942524271e-81,0
75082.0,0.0,2.0341169068142675e-79,0
80946.0,0.0,4.731066745831313e-205,0
71146.0,0.0,0.0,0
85124.0,0.0,0.0,0
96855.0,0.0,2.1397497113986284e-57,0
79085.0,1.0,2.8708834985389966e-171,0
75446.0,0.0,2.390904054586888e-44,0
73692.0,0.0,1.0,1
78861.0,0.0,5.797858939094817e-65,0
79436.0,0.0,2.0367097734231953e-73,0
92620.0,0.0,6.949239738706583e-208,0
90453.0,0.0,0.0,0
94301.0,0.0,0.0,0
88549.0,0.0,0.0,0
95605.0,0.0,4.881921385064799e-28,0
79876.0,0.0,6.874835825342745e-84,0
88747.0,0.0,0.0,0
70846.0,0.0,3.699712961853431e-64,0
79582.0,0.0,1.671911753247559e-99,0
80297.0,0.0,1.3882488497401008e-107,0
79064.0,0.0,0.0,0
96943.0,0.0,7.88474796337222e-41,0
89612.0,0.0,0.0,0
73284.0,0.0,1.0,1
80593.0,0.0,1.371633929179235e-234,0
81734.0,0.0,6.613273937280744e-94,0
91877.0,0.0,1.1237515014927126e-100,0
87551.0,0.0,4.1787117586745215e-140,0
91627.0,0.0,0.0,0
82461.0,1.0,5.7604085790002255e-111,0
84356.0,0.0,0.0,0
81662.0,0.0,1.5395764313243743e-132,0
91300.0,0.0,0.0,0
79678.0,0.0,1.8551065620064546e-88,0
78881.0,0.0,1.0,1
77892.0,0.0,0.0,0
78426.0,0.0,3.9277788778622815e-304,0
90711.0,0.0,7.620975492964943e-52,0
80313.0,0.0,9.205109724705547e-61,0
99025.0,0.0,7.686455617350155e-210,0
81897.0,0.0,0.8238316267118257,1
83649.0,0.0,3.171569937279492e-45,0
74389.0,0.0,4.686321825189425e-153,0
71408.0,0.0,6.41163978193054e-264,0
98002.0,0.0,0.0,0
74137.0,0.0,3.431640583481901e-11,0
89723.0,0.0,1.1324664486679045e-171,0
75605.0,0.0,1.944636401378722e-21,0
87582.0,0.0,0.9859998913793733,1
89771.0,0.0,1.0,1
92655.0,0.0,1.0,1
81805.0,0.0,3.115892887904704e-110,0
71441.0,0.0,1.0866253863000434e-111,0
80926.0,0.0,5.534562143995212e-12,0
97277.0,0.0,0.0,0
73591.0,0.0,1.0533843919925278e-45,0
81165.0,0.0,3.429353151280309e-113,0
